{
  "config": {
    "n_qubits": 8,
    "n_components": 71,
    "learning_rate": 0.0005,
    "dropout": 0.5,
    "n_base_layers": 2,
    "label_smoothing": 0.1,
    "batch_size": 16
  },
  "n_classes": 4,
  "cv_mode": "loso",
  "site_deconfound": true,
  "combat": false,
  "seeds": [
    42
  ],
  "n_seeds": 1,
  "n_folds": 4,
  "n_runs": 4,
  "n_samples": 1047,
  "n_sites": 4,
  "total_time_seconds": 1277.9050724506378,
  "pqfl_summary": {
    "ba_mean": 0.38257692389834386,
    "ba_std": 0.10812952584942472,
    "auc_mean": 0.0,
    "auc_std": 0.0
  },
  "svm_summary": {
    "ba_mean": 0.345389265360491,
    "auc_mean": 0.5757170588308882
  },
  "statistical_tests": {},
  "all_seed_results": [
    {
      "seed": 42,
      "fold_results": [
        {
          "balanced_accuracy": 0.45504339440694314,
          "auc_roc_macro": 0.0,
          "f1_macro": 0.0,
          "accuracy": 0.47619047619047616,
          "val_loss": 1.6978228390216827,
          "best_round": 10,
          "total_rounds": 18,
          "train_loss": 0.9046168586722128,
          "sensitivity_SZ": 0.72,
          "specificity_SZ": 0.5683453237410072,
          "sensitivity_HC": 0.4098360655737705,
          "specificity_HC": 0.8507462686567164,
          "sensitivity_Other": 0.0,
          "specificity_Other": 0.9788359788359788,
          "sensitivity_BP": 0.23529411764705882,
          "specificity_BP": 0.8546511627906976,
          "confusion_matrix": [
            [
              36,
              5,
              1,
              8
            ],
            [
              52,
              50,
              3,
              17
            ],
            [
              0,
              0,
              0,
              0
            ],
            [
              8,
              5,
              0,
              4
            ]
          ],
          "n_total": 189,
          "round_history": [
            {
              "round": 1,
              "val_ba": 0.2819286403085825,
              "val_auc": 0.0,
              "val_loss": 1.4456941684087117,
              "train_loss": 1.3870673930203474
            },
            {
              "round": 2,
              "val_ba": 0.34813886210221795,
              "val_auc": 0.0,
              "val_loss": 1.4124425848325093,
              "train_loss": 1.2228000346157286
            },
            {
              "round": 3,
              "val_ba": 0.39474124075859846,
              "val_auc": 0.0,
              "val_loss": 1.4013697107632954,
              "train_loss": 1.1344460712538824
            },
            {
              "round": 4,
              "val_ba": 0.3774477659916426,
              "val_auc": 0.0,
              "val_loss": 1.3925735553105671,
              "train_loss": 1.07613705098629
            },
            {
              "round": 5,
              "val_ba": 0.38291224686595954,
              "val_auc": 0.0,
              "val_loss": 1.392828345298767,
              "train_loss": 1.0448666501928259
            },
            {
              "round": 6,
              "val_ba": 0.39423336547733845,
              "val_auc": 0.0,
              "val_loss": 1.393255203962326,
              "train_loss": 1.0008980985041018
            },
            {
              "round": 7,
              "val_ba": 0.4111089681774349,
              "val_auc": 0.0,
              "val_loss": 1.4418829480806987,
              "train_loss": 0.9708441893259684
            },
            {
              "round": 8,
              "val_ba": 0.4126390228222437,
              "val_auc": 0.0,
              "val_loss": 1.4212379852930705,
              "train_loss": 0.9687461814394703
            },
            {
              "round": 9,
              "val_ba": 0.38684667309546766,
              "val_auc": 0.0,
              "val_loss": 1.47883544365565,
              "train_loss": 0.930590867444321
            },
            {
              "round": 10,
              "val_ba": 0.43384120861459335,
              "val_auc": 0.0,
              "val_loss": 1.4640250702699025,
              "train_loss": 0.9046168586722128
            },
            {
              "round": 11,
              "val_ba": 0.37582770813243327,
              "val_auc": 0.0,
              "val_loss": 1.4994524617989857,
              "train_loss": 0.8755817843808068
            },
            {
              "round": 12,
              "val_ba": 0.41864995178399234,
              "val_auc": 0.0,
              "val_loss": 1.536726584037145,
              "train_loss": 0.855231965581576
            },
            {
              "round": 13,
              "val_ba": 0.41904210864673735,
              "val_auc": 0.0,
              "val_loss": 1.5857071578502655,
              "train_loss": 0.8413079612784915
            },
            {
              "round": 14,
              "val_ba": 0.40691096110575375,
              "val_auc": 0.0,
              "val_loss": 1.6321363250414531,
              "train_loss": 0.8154559174069652
            },
            {
              "round": 15,
              "val_ba": 0.3939697846351655,
              "val_auc": 0.0,
              "val_loss": 1.6359383563200633,
              "train_loss": 0.7979631777162906
            },
            {
              "round": 16,
              "val_ba": 0.38730311796849887,
              "val_auc": 0.0,
              "val_loss": 1.6408264140288036,
              "train_loss": 0.8015373625137188
            },
            {
              "round": 17,
              "val_ba": 0.4073031179684989,
              "val_auc": 0.0,
              "val_loss": 1.6629133025805156,
              "train_loss": 0.7753062182002597
            },
            {
              "round": 18,
              "val_ba": 0.3999164255866281,
              "val_auc": 0.0,
              "val_loss": 1.7419396142164867,
              "train_loss": 0.781206324144646
            }
          ],
          "fold_time_seconds": 442.65132117271423,
          "fold": 1,
          "seed": 42,
          "held_out_site": "LA5c"
        },
        {
          "balanced_accuracy": 0.5178303303303303,
          "auc_roc_macro": 0.0,
          "f1_macro": 0.0,
          "accuracy": 0.5136986301369864,
          "val_loss": 1.933177900314331,
          "best_round": 7,
          "total_rounds": 15,
          "train_loss": 0.9621235377955855,
          "sensitivity_SZ": 0.8194444444444444,
          "specificity_SZ": 0.43243243243243246,
          "sensitivity_HC": 0.21621621621621623,
          "specificity_HC": 0.9444444444444444,
          "sensitivity_Other": 0.0,
          "specificity_Other": 0.9794520547945206,
          "sensitivity_BP": 0.0,
          "specificity_BP": 0.8493150684931506,
          "confusion_matrix": [
            [
              59,
              4,
              1,
              8
            ],
            [
              42,
              16,
              2,
              14
            ],
            [
              0,
              0,
              0,
              0
            ],
            [
              0,
              0,
              0,
              0
            ]
          ],
          "n_total": 146,
          "round_history": [
            {
              "round": 1,
              "val_ba": 0.28960210210210213,
              "val_auc": 0.0,
              "val_loss": 1.4554108500480651,
              "train_loss": 1.3900260402445208
            },
            {
              "round": 2,
              "val_ba": 0.3871996996996997,
              "val_auc": 0.0,
              "val_loss": 1.4869871735572815,
              "train_loss": 1.2187590149410985
            },
            {
              "round": 3,
              "val_ba": 0.48292042042042044,
              "val_auc": 0.0,
              "val_loss": 1.4828516721725464,
              "train_loss": 1.120736506424452
            },
            {
              "round": 4,
              "val_ba": 0.4761636636636637,
              "val_auc": 0.0,