{
  "config": {
    "n_qubits": 6,
    "n_components": 71,
    "learning_rate": 0.0005,
    "dropout": 0.5,
    "n_base_layers": 2,
    "label_smoothing": 0.1,
    "batch_size": 16
  },
  "total_time_seconds": 249.90391206741333,
  "n_folds": 5,
  "statistical_tests": {
    "delong_pqfl_vs_svm": {
      "auc_model1": 0.6685245901639344,
      "auc_model2": 0.6462295081967213,
      "auc_difference": 0.022295081967213082,
      "z_statistic": 0.3439773241985505,
      "p_value": 0.7308633393773303,
      "significant_005": "False"
    },
    "delong_pqfl_vs_lr": {
      "auc_model1": 0.6685245901639344,
      "auc_model2": 0.6636065573770491,
      "auc_difference": 0.004918032786885296,
      "z_statistic": 0.07887841019739462,
      "p_value": 0.9371293358929611,
      "significant_005": "False"
    },
    "mcnemar_pqfl_vs_svm": {
      "statistic": 0.125,
      "p_value": 0.7236736098317629,
      "n_disagreement": 72,
      "significant_005": "False"
    },
    "mcnemar_pqfl_vs_lr": {
      "statistic": 0.125,
      "p_value": 0.7236736098317629,
      "n_disagreement": 72,
      "significant_005": "False"
    },
    "bonferroni_correction": {
      "adjusted_alpha": 0.0125,
      "test_names": [
        "DeLong PQFL vs SVM",
        "DeLong PQFL vs LR",
        "McNemar PQFL vs SVM",
        "McNemar PQFL vs LR"
      ],
      "p_values": [
        0.7308633393773303,
        0.9371293358929611,
        0.7236736098317629,
        0.7236736098317629
      ],
      "significant": [
        "False",
        "False",
        false,
        false
      ]
    }
  },
  "bootstrap_ci": {
    "ba": {
      "mean": 0.6878333333333334,
      "lower": 0.6679999999999999,
      "upper": 0.7150125
    },
    "auc": {
      "mean": 0.6766333333333334,
      "lower": 0.6462,
      "upper": 0.7208
    }
  },
  "saliency": {
    "top_10_rois": [
      80,
      3,
      24,
      53,
      2,
      91,
      16,
      48,
      30,
      38
    ],
    "top_10_rois_ig": [
      68,
      16,
      33,
      18,
      85,
      97,
      13,
      83,
      63,
      47
    ],
    "top_15_connections": [
      [
        3,
        91,
        0.009614003256451691
      ],
      [
        3,
        79,
        0.008757239652333708
      ],
      [
        53,
        91,
        0.0087231875492322
      ],
      [
        3,
        31,
        0.008551493655224363
      ],
      [
        3,
        24,
        0.007942566099686481
      ],
      [
        24,
        53,
        0.007864039769453149
      ],
      [
        31,
        53,
        0.007829432208399356
      ],
      [
        3,
        37,
        0.007556933190032431
      ],
      [
        3,
        38,
        0.007529587159202558
      ],
      [
        48,
        98,
        0.007421504258374721
      ],
      [
        37,
        53,
        0.0073386891787323855
      ],
      [
        48,
        99,
        0.007328627302254727
      ],
      [
        53,
        79,
        0.00715045151108928
      ],
      [
        12,
        24,
        0.007150029239132473
      ],
      [
        4,
        91,
        0.007142556588290056
      ]
    ],
    "roi_importance": [
      0.17402117361913647,
      0.18246025401191518,
      0.30918021165110576,
      0.3314897406200822,
      0.24395532382231583,
      0.14283759056535447,
      0.19679388607161302,
      0.18091579447549064,
      0.18133816891147725,
      0.15442721926626643,
      0.15043595947755561,
      0.22063936233538345,
      0.1760323080571952,
      0.18456709586390288,
      0.16457120787173402,
      0.19941304714606314,
      0.2728451705015983,
      0.17667679048921645,
      0.20627673884928635,
      0.16834974645261422,
      0.1530868400405541,
      0.12617325585143008,
      0.15338572699820535,
      0.1718070851192542,
      0.32430710023553977,
      0.15661440443806895,
      0.18644978567991463,
      0.18470098720491937,
      0.1675297603112683,
      0.20387616837766734,
      0.26519684402584154,
      0.20890969414301466,
      0.17326832472926662,
      0.1758307195596352,
      0.16913564765731723,
      0.18911264178059703,
      0.16690064153804837,
      0.2100038718964389,
      0.2468593804356868,
      0.17399350115050283,
      0.16762819654797498,
      0.20462989644447302,
      0.18711150597032858,
      0.20106668999576696,
      0.18685035738031627,
      0.1675184284360981,
      0.14503507442470095,
      0.22057439457491074,
      0.26758004536091556,
      0.23242158042745412,
      0.1576281136960491,
      0.23176845778066998,
      0.1480017209876053,
      0.31021218425962693,
      0.16829148466424312,
      0.14505633582989408,
      0.15704097110058188,
      0.16040907398780582,
      0.1485035817898965,
      0.17175220971076927,
      0.1849467618252686,
      0.18114899814485189,
      0.19004091063465606,
      0.19108197387060682,
      0.141491505189842,
      0.16374282381805136,
      0.24355174342237756,
      0.17369472651708898,
      0.20071382503248525,
      0.17669073936623764,
      0.1486994975391209,
      0.222021254330724,
      0.15175474827203186,
      0.18056107009854017,
      0.1615346933906262,
      0.1835312581564393,
      0.16859668484557913,
      0.16670058557993792,
      0.1602861718648791,
      0.1978866493811539,
      0.3612166735045331,
      0.19833443839365025,
      0.14154847020200903,
      0.15757571437475612,
      0.17038773052073744,
      0.20293986216237353,
      0.16011445120858528,
      0.149017989062324,
      0.2056834589956499,
      0.18145432015772625,
      0.17447620991434967,
      0.30160266165931876,
      0.13220836500386146,
      0.21907965921150366,
      0.21467712350752846,
      0.15133044883207916,
      0.1389627896290222,
      0.1536832516024222,
      0.21920373059217854,
      0.23057903204330654
    ],